{
  "S120_Non_40C_20C": {
    "mu_log_v": [
      -5.0,
      -4.724138,
      -4.448276,
      -4.172414,
      -3.896552,
      -3.62069,
      -3.344828,
      -3.068966,
      -2.793103,
      -2.517241,
      -2.241379,
      -1.965517,
      -1.689655,
      -1.413793,
      -1.137931,
      -0.862069,
      -0.5862069,
      -0.3103448,
      -0.03448276,
      0.2413793,
      0.5172414,
      0.7931034,
      1.068966,
      1.344828,
      1.62069,
      1.896552,
      2.172414,
      2.448276,
      2.724138,
      3.0
    ],
    "mu_vals": [
      0.2547218,
      0.2481003,
      0.2434544,
      0.2404623,
      0.2402739,
      0.2425531,
      0.246785,
      0.253023,
      0.2609424,
      0.2701841,
      0.2811904,
      0.2941818,
      0.3081959,
      0.3226345,
      0.338378,
      0.3555807,
      0.3732059,
      0.392517,
      0.4150172,
      0.4408514,
      0.4686404,
      0.5005331,
      0.5380565,
      0.5819646,
      0.6311923,
      0.6902165,
      0.7604056,
      0.840556,
      0.9267936,
      1.019917
    ],
    "area_log_v": [
      -5.0,
      -4.724138,
      -4.448276,
      -4.172414,
      -3.896552,
      -3.62069,
      -3.344828,
      -3.068966,
      -2.793103,
      -2.517241,
      -2.241379,
      -1.965517,
      -1.689655,
      -1.413793,
      -1.137931,
      -0.862069,
      -0.5862069,
      -0.3103448,
      -0.03448276,
      0.2413793,
      0.5172414,
      0.7931034,
      1.068966,
      1.344828,
      1.62069,
      1.896552,
      2.172414,
      2.448276,
      2.724138,
      3.0
    ],
    "area_vals": [
      0.2112697,
      0.2051753,
      0.1992672,
      0.1934578,
      0.1873424,
      0.1810508,
      0.1745892,
      0.1680959,
      0.1614875,
      0.1552115,
      0.1491982,
      0.142767,
      0.1364107,
      0.1303546,
      0.1240457,
      0.1174039,
      0.1110143,
      0.1048968,
      0.09834323,
      0.09183557,
      0.08552363,
      0.07936453,
      0.07279313,
      0.06622412,
      0.05971583,
      0.05327569,
      0.04635459,
      0.0397184,
      0.03344891,
      0.027555
    ],
    "saved_date": "2026-02-24 13:00"
  },
  "-20": {
    "mu_log_v": [
      -5.0,
      -4.724138,
      -4.448276,
      -4.172414,
      -3.896552,
      -3.62069,
      -3.344828,
      -3.068966,
      -2.793103,
      -2.517241,
      -2.241379,
      -1.965517,
      -1.689655,
      -1.413793,
      -1.137931,
      -0.862069,
      -0.5862069,
      -0.3103448,
      -0.03448276,
      0.2413793,
      0.5172414,
      0.7931034,
      1.068966,
      1.344828,
      1.62069,
      1.896552,
      2.172414,
      2.448276,
      2.724138,
      3.0
    ],
    "mu_vals": [
      0.2547218,
      0.2481003,
      0.2434544,
      0.2404623,
      0.2402739,
      0.2425531,
      0.246785,
      0.253023,
      0.2609424,
      0.2701841,
      0.2811904,
      0.2941818,
      0.3081959,
      0.3226345,
      0.338378,
      0.3555807,
      0.3732059,
      0.392517,
      0.4150172,
      0.4408514,
      0.4686404,
      0.5005331,
      0.5380565,
      0.5819646,
      0.6311923,
      0.6902165,
      0.7604056,
      0.840556,
      0.9267936,
      1.019917
    ],
    "area_log_v": [
      -5.0,
      -4.724138,
      -4.448276,
      -4.172414,
      -3.896552,
      -3.62069,
      -3.344828,
      -3.068966,
      -2.793103,
      -2.517241,
      -2.241379,
      -1.965517,
      -1.689655,
      -1.413793,
      -1.137931,
      -0.862069,
      -0.5862069,
      -0.3103448,
      -0.03448276,
      0.2413793,
      0.5172414,
      0.7931034,
      1.068966,
      1.344828,
      1.62069,
      1.896552,
      2.172414,
      2.448276,
      2.724138,
      3.0
    ],
    "area_vals": [
      0.2112697,
      0.2051753,
      0.1992672,
      0.1934578,
      0.1873424,
      0.1810508,
      0.1745892,
      0.1680959,
      0.1614875,
      0.1552115,
      0.1491982,
      0.142767,
      0.1364107,
      0.1303546,
      0.1240457,
      0.1174039,
      0.1110143,
      0.1048968,
      0.09834323,
      0.09183557,
      0.08552363,
      0.07936453,
      0.07279313,
      0.06622412,
      0.05971583,
      0.05327569,
      0.04635459,
      0.0397184,
      0.03344891,
      0.027555
    ],
    "saved_date": "2026-02-24 13:03"
  }
}